{"cameraMode":{"drawMode":0,"name":"Shaded","section":"Shading Mode"},"sceneLighting":false,"audioPlay":false,"sceneViewState":{"m_AlwaysRefresh":false,"showFog":true,"showSkybox":false,"showFlares":true,"showImageEffects":true,"showParticleSystems":true,"showVisualEffectGraphs":true,"m_FxEnabled":true},"in2DMode":false,"pivot":{"x":-0.8021600246429443,"y":1.288494348526001,"z":-9.5367431640625e-7},"rotation":{"x":-0.0026281189639121296,"y":0.9930806756019592,"z":-0.11521345376968384,"w":-0.022650491446256639},"size":1.3167930841445923,"orthographic":false}