{"cameraMode":{"drawMode":0,"name":"Shaded","section":"Shading Mode"},"sceneLighting":false,"audioPlay":false,"sceneViewState":{"m_AlwaysRefresh":false,"showFog":true,"showSkybox":false,"showFlares":true,"showImageEffects":true,"showParticleSystems":true,"showVisualEffectGraphs":true,"m_FxEnabled":true},"in2DMode":false,"pivot":{"x":-7.748603820800781e-7,"y":0.845413327217102,"z":-0.022400587797164918},"rotation":{"x":-0.07330261170864105,"y":-0.2064305692911148,"z":0.015532809309661389,"w":-0.9755995869636536},"size":1.236994981765747,"orthographic":false}