{"cameraMode":{"drawMode":0,"name":"Shaded","section":"Shading Mode"},"sceneLighting":false,"audioPlay":false,"sceneViewState":{"m_AlwaysRefresh":false,"showFog":true,"showSkybox":false,"showFlares":true,"showImageEffects":true,"showParticleSystems":true,"showVisualEffectGraphs":true,"m_FxEnabled":true},"in2DMode":false,"pivot":{"x":0.0511707067489624,"y":1.288494348526001,"z":-0.05117177963256836},"rotation":{"x":-0.0026281189639121296,"y":0.9930806756019592,"z":-0.11521345376968384,"w":-0.022650491446256639},"size":1.7106894254684449,"orthographic":false}