{"cameraMode":{"drawMode":0,"name":"Shaded","section":"Shading Mode"},"sceneLighting":false,"audioPlay":false,"sceneViewState":{"m_AlwaysRefresh":false,"showFog":true,"showSkybox":false,"showFlares":true,"showImageEffects":true,"showParticleSystems":true,"showVisualEffectGraphs":true,"m_FxEnabled":true},"in2DMode":false,"pivot":{"x":0.012129641138017178,"y":0.06109278276562691,"z":0.03916715085506439},"rotation":{"x":-0.09716161340475083,"y":0.8825272917747498,"z":-0.20925520360469819,"w":-0.40977588295936587},"size":0.13000743091106416,"orthographic":false}