{"cameraMode":{"drawMode":0,"name":"Shaded","section":"Shading Mode"},"sceneLighting":false,"audioPlay":false,"sceneViewState":{"m_AlwaysRefresh":false,"showFog":true,"showSkybox":false,"showFlares":true,"showImageEffects":true,"showParticleSystems":true,"showVisualEffectGraphs":true,"m_FxEnabled":true},"in2DMode":false,"pivot":{"x":0.0637817233800888,"y":0.18611501157283784,"z":-0.0040930877439677719},"rotation":{"x":-0.04173735901713371,"y":0.8550301790237427,"z":-0.0696757584810257,"w":-0.5121802091598511},"size":0.20336034893989564,"orthographic":false}